,class_number,FH,ER,WW,TC,CS,KQ,AR,SL,FG,WB,PF,WH,SQ,WN,BH,PH,LB,Analysis,inlierLabel,class_predictions
0,8,0.0,0.0,0.2,0.0,0.0,0.0,0.0,0.0,0.4,0.2,0.0,0.0,0.0,0.0,0.0,0.2,0.0,06_DH1_1,1,FG
1,8,0.0,0.0,0.2,0.0,0.0,0.0,0.0,0.0,0.4,0.2,0.0,0.0,0.0,0.0,0.0,0.2,0.0,07_DH1_2,-1,other
2,8,0.0,0.0,0.2,0.0,0.0,0.0,0.0,0.0,0.4,0.2,0.0,0.0,0.0,0.0,0.0,0.2,0.0,08_DH1_3,-1,other
3,2,0.0,0.0,0.4,0.0,0.0,0.0,0.0,0.0,0.2,0.2,0.0,0.0,0.0,0.0,0.0,0.2,0.0,09_DH2_1,1,WW
4,2,0.0,0.0,0.4,0.0,0.0,0.0,0.0,0.0,0.2,0.2,0.0,0.0,0.0,0.0,0.0,0.2,0.0,10_DH2_2,1,WW
5,2,0.0,0.0,0.4,0.0,0.0,0.0,0.0,0.0,0.2,0.2,0.0,0.0,0.0,0.0,0.0,0.2,0.0,11_DH2_3,1,WW
6,12,0.0,0.0,0.0,0.0,0.0,0.0,0.0,0.0,0.2,0.2,0.0,0.0,0.3,0.1,0.0,0.0,0.2,12_DH3_1,-1,other
7,2,0.0,0.0,0.2,0.0,0.0,0.0,0.0,0.0,0.2,0.0,0.0,0.0,0.2,0.0,0.2,0.0,0.2,13_DH3_2,-1,other
8,12,0.0,0.0,0.0,0.0,0.0,0.0,0.0,0.0,0.2,0.2,0.0,0.0,0.3,0.1,0.0,0.0,0.2,14_DH3_3,1,SQ
9,9,0.0,0.0,0.0,0.0,0.0,0.0,0.0,0.0,0.2,0.4,0.0,0.0,0.2,0.0,0.0,0.0,0.2,15_DH4_1,1,WB
10,9,0.0,0.0,0.0,0.0,0.0,0.0,0.0,0.0,0.2,0.4,0.0,0.0,0.2,0.0,0.0,0.0,0.2,16_DH4_2,1,WB
11,9,0.0,0.0,0.0,0.0,0.0,0.0,0.0,0.0,0.2,0.4,0.0,0.0,0.2,0.0,0.0,0.0,0.2,17_DH4_3,1,WB
12,2,0.0,0.0,0.4,0.0,0.0,0.0,0.0,0.0,0.2,0.2,0.0,0.0,0.0,0.0,0.0,0.2,0.0,18_DH5_1,-1,other
13,2,0.0,0.0,0.4,0.0,0.0,0.0,0.0,0.0,0.2,0.2,0.0,0.0,0.0,0.0,0.0,0.2,0.0,19_DH5_2,1,WW
14,2,0.0,0.0,0.2,0.0,0.0,0.0,0.0,0.0,0.2,0.2,0.0,0.0,0.2,0.0,0.0,0.2,0.0,20_DH5_3,1,WW
15,2,0.0,0.0,0.2,0.0,0.0,0.0,0.0,0.0,0.2,0.2,0.0,0.0,0.2,0.2,0.0,0.0,0.0,06_NMAGGold_8260_1,-1,other
16,12,0.0,0.0,0.2,0.0,0.0,0.0,0.0,0.0,0.2,0.0,0.0,0.0,0.3,0.3,0.0,0.0,0.0,07_NMAGGold_8260_2,1,SQ
17,12,0.0,0.0,0.2,0.0,0.0,0.0,0.0,0.0,0.2,0.0,0.0,0.0,0.3,0.3,0.0,0.0,0.0,08_NMAGGold_8260_3,1,SQ
18,12,0.0,0.0,0.2,0.0,0.0,0.0,0.0,0.0,0.2,0.0,0.0,0.0,0.3,0.3,0.0,0.0,0.0,09_NMAGGold_4848_1,1,SQ
19,2,0.0,0.0,0.2,0.0,0.0,0.0,0.0,0.0,0.2,0.2,0.0,0.0,0.2,0.0,0.0,0.2,0.0,10_NMAGGold_4848_2,-1,other
20,12,0.0,0.0,0.2,0.0,0.0,0.0,0.0,0.0,0.2,0.0,0.0,0.0,0.3,0.3,0.0,0.0,0.0,11_NMAGGold_4848_3,-1,other
21,2,0.0,0.0,0.2,0.0,0.0,0.0,0.0,0.0,0.2,0.2,0.0,0.0,0.2,0.0,0.0,0.2,0.0,12_NMAGGold_4816_1,1,WW
22,2,0.0,0.0,0.4,0.0,0.0,0.0,0.0,0.0,0.2,0.2,0.0,0.0,0.0,0.0,0.0,0.2,0.0,13_NMAGGold_4816_2,1,WW
23,2,0.0,0.0,0.4,0.0,0.0,0.0,0.0,0.0,0.2,0.2,0.0,0.0,0.0,0.0,0.0,0.2,0.0,14_NMAGGold_4816_3,1,WW
24,12,0.0,0.0,0.2,0.0,0.0,0.0,0.0,0.0,0.2,0.0,0.0,0.0,0.3,0.3,0.0,0.0,0.0,15_NMAGGold_4869_1,1,SQ
25,12,0.0,0.0,0.2,0.0,0.0,0.0,0.0,0.0,0.2,0.0,0.0,0.0,0.3,0.3,0.0,0.0,0.0,16_NMAGGold_4869_2,1,SQ
26,12,0.0,0.0,0.2,0.0,0.0,0.0,0.0,0.0,0.2,0.0,0.0,0.0,0.3,0.3,0.0,0.0,0.0,17_NMAGGold_4869_3,1,SQ
27,9,0.0,0.0,0.2,0.0,0.0,0.0,0.0,0.0,0.2,0.4,0.0,0.0,0.0,0.0,0.0,0.0,0.2,18_NMAGGold_4852_1,-1,other
28,9,0.0,0.0,0.2,0.0,0.0,0.0,0.0,0.0,0.2,0.4,0.0,0.0,0.0,0.0,0.0,0.0,0.2,19_NMAGGold_4852_2,-1,other
29,8,0.0,0.0,0.2,0.0,0.0,0.0,0.0,0.0,0.4,0.2,0.0,0.0,0.0,0.0,0.0,0.2,0.0,20_NMAGGold_4852_3,-1,other
30,8,0.0,0.0,0.0,0.0,0.0,0.0,0.0,0.0,0.4,0.2,0.0,0.0,0.2,0.0,0.0,0.2,0.0,26_NMAGGold_6591_1,1,FG
31,12,0.0,0.0,0.0,0.0,0.0,0.0,0.0,0.0,0.2,0.2,0.0,0.0,0.3,0.1,0.0,0.0,0.2,27_NMAGGold_6591_2,1,SQ
32,9,0.0,0.0,0.0,0.0,0.0,0.0,0.0,0.0,0.2,0.4,0.0,0.0,0.2,0.0,0.0,0.0,0.2,28_NMAGGold_6591_3,1,WB
33,12,0.0,0.0,0.2,0.0,0.0,0.0,0.0,0.0,0.2,0.0,0.0,0.0,0.3,0.3,0.0,0.0,0.0,29_NMAGGold_6525_1,1,SQ
34,12,0.0,0.0,0.2,0.0,0.0,0.0,0.0,0.0,0.2,0.0,0.0,0.0,0.3,0.3,0.0,0.0,0.0,30_NMAGGold_6525_2,1,SQ
35,12,0.0,0.0,0.2,0.0,0.0,0.0,0.0,0.0,0.2,0.0,0.0,0.0,0.3,0.3,0.0,0.0,0.0,31_NMAGGold_6525_3,-1,other
36,12,0.0,0.0,0.0,0.0,0.0,0.0,0.0,0.2,0.2,0.0,0.0,0.0,0.3,0.1,0.0,0.0,0.2,32_NMAGGold_6600_1,-1,other
37,9,0.0,0.0,0.0,0.0,0.0,0.0,0.0,0.0,0.2,0.4,0.0,0.0,0.2,0.0,0.0,0.0,0.2,33_NMAGGold_6600_2,1,WB
38,9,0.0,0.0,0.0,0.0,0.0,0.0,0.0,0.0,0.2,0.4,0.0,0.0,0.2,0.0,0.0,0.0,0.2,34_NMAGGold_6600_3,-1,other
39,8,0.0,0.0,0.0,0.0,0.0,0.0,0.0,0.0,0.4,0.0,0.0,0.0,0.3,0.3,0.0,0.0,0.0,06_NMAGGold_6522_1,1,FG
40,12,0.0,0.0,0.0,0.0,0.0,0.0,0.0,0.0,0.2,0.2,0.0,0.0,0.3,0.1,0.0,0.0,0.2,07_NMAGGold_6522_2,-1,other
41,12,0.0,0.0,0.2,0.0,0.0,0.0,0.0,0.0,0.2,0.0,0.0,0.0,0.3,0.3,0.0,0.0,0.0,08_NMAGGold_6522_3,-1,other
42,2,0.0,0.0,0.2,0.0,0.0,0.0,0.0,0.0,0.2,0.2,0.0,0.0,0.2,0.0,0.0,0.2,0.0,09_NMAGGold_6462_1,1,WW
43,2,0.0,0.0,0.2,0.0,0.0,0.0,0.0,0.0,0.2,0.2,0.0,0.0,0.2,0.0,0.0,0.2,0.0,10_NMAGGold_6462_2,1,WW
44,8,0.0,0.0,0.0,0.0,0.0,0.0,0.0,0.0,0.4,0.0,0.0,0.0,0.3,0.3,0.0,0.0,0.0,11_NMAGGold_6462_3,1,FG
45,9,0.0,0.0,0.0,0.0,0.0,0.0,0.0,0.0,0.2,0.4,0.0,0.0,0.2,0.0,0.0,0.0,0.2,12_NMAGGold_6456_1,1,WB
46,9,0.0,0.0,0.0,0.0,0.0,0.0,0.0,0.0,0.2,0.4,0.0,0.0,0.2,0.0,0.0,0.0,0.2,13_NMAGGold_6456_2,1,WB
47,12,0.0,0.0,0.0,0.0,0.0,0.0,0.0,0.0,0.2,0.2,0.0,0.0,0.3,0.1,0.0,0.0,0.2,14_NMAGGold_6456_3,1,SQ
48,7,0.0,0.0,0.0,0.0,0.0,0.0,0.0,0.2,0.2,0.2,0.0,0.0,0.2,0.0,0.0,0.0,0.2,15_NMAGGold_4571_1,1,SL
49,9,0.0,0.0,0.0,0.0,0.0,0.0,0.0,0.0,0.2,0.4,0.0,0.0,0.2,0.0,0.0,0.0,0.2,16_NMAGGold_4571_2,1,WB
50,9,0.0,0.0,0.0,0.0,0.0,0.0,0.0,0.0,0.2,0.4,0.0,0.0,0.2,0.0,0.0,0.0,0.2,17_NMAGGold_4571_3,-1,other
51,8,0.0,0.0,0.0,0.0,0.0,0.0,0.0,0.0,0.4,0.0,0.0,0.0,0.3,0.3,0.0,0.0,0.0,06_NMWGold_1474_1,-1,other
52,2,0.0,0.0,0.2,0.0,0.0,0.0,0.0,0.0,0.2,0.2,0.0,0.0,0.2,0.0,0.0,0.2,0.0,07_NMWGold_1474_2,-1,other
53,12,0.0,0.0,0.2,0.0,0.0,0.0,0.0,0.0,0.2,0.0,0.0,0.0,0.3,0.3,0.0,0.0,0.0,08_NMWGold_1474_3,-1,other
54,12,0.0,0.0,0.2,0.0,0.0,0.0,0.0,0.0,0.2,0.0,0.0,0.0,0.3,0.3,0.0,0.0,0.0,09_NMWGold_143_1,1,SQ
55,12,0.0,0.0,0.2,0.0,0.0,0.0,0.0,0.0,0.2,0.0,0.0,0.0,0.3,0.3,0.0,0.0,0.0,10_NMWGold_143_2,1,SQ
56,12,0.0,0.0,0.2,0.0,0.0,0.0,0.0,0.0,0.2,0.0,0.0,0.0,0.3,0.3,0.0,0.0,0.0,11_NMWGold_143_3,1,SQ
57,8,0.0,0.0,0.0,0.0,0.0,0.0,0.0,0.0,0.4,0.0,0.0,0.0,0.3,0.3,0.0,0.0,0.0,12_NMWGold_54_1,-1,other
58,8,0.0,0.0,0.0,0.0,0.0,0.0,0.0,0.0,0.4,0.0,0.0,0.0,0.3,0.3,0.0,0.0,0.0,13_NMWGold_54_2,-1,other
59,8,0.0,0.0,0.0,0.0,0.0,0.0,0.0,0.0,0.4,0.0,0.0,0.0,0.3,0.3,0.0,0.0,0.0,14_NMWGold_54_3,-1,other
60,12,0.0,0.0,0.2,0.0,0.0,0.0,0.0,0.0,0.2,0.0,0.0,0.0,0.3,0.3,0.0,0.0,0.0,15_NMWGold_1705_1,1,SQ
61,2,0.0,0.0,0.2,0.0,0.0,0.0,0.0,0.0,0.2,0.2,0.0,0.0,0.2,0.0,0.0,0.2,0.0,16_NMWGold_1705_2,-1,other
62,12,0.0,0.0,0.2,0.0,0.0,0.0,0.0,0.0,0.2,0.0,0.0,0.0,0.3,0.3,0.0,0.0,0.0,17_NMWGold_1705_3,1,SQ
63,12,0.0,0.0,0.2,0.0,0.0,0.0,0.0,0.0,0.2,0.0,0.0,0.0,0.3,0.3,0.0,0.0,0.0,18_NMWGold_1248_1,1,SQ
64,12,0.0,0.0,0.2,0.0,0.0,0.0,0.0,0.0,0.2,0.0,0.0,0.0,0.3,0.3,0.0,0.0,0.0,19_NMWGold_1248_2,-1,other
65,2,0.0,0.0,0.4,0.2,0.0,0.0,0.0,0.0,0.2,0.0,0.0,0.0,0.2,0.0,0.0,0.0,0.0,20_NMWGold_1248_3,-1,other
66,9,0.0,0.0,0.0,0.0,0.0,0.0,0.0,0.0,0.2,0.4,0.0,0.0,0.2,0.0,0.0,0.0,0.2,26_NMWGold_1445_1,-1,other
67,16,0.0,0.0,0.0,0.0,0.0,0.1,0.0,0.0,0.2,0.2,0.0,0.0,0.2,0.0,0.0,0.0,0.3,27_NMWGold_1445_2,-1,other
68,9,0.0,0.0,0.0,0.0,0.0,0.0,0.0,0.0,0.2,0.4,0.0,0.0,0.2,0.0,0.0,0.0,0.2,28_NMWGold_1445_3,-1,other
69,2,0.0,0.0,0.2,0.0,0.0,0.0,0.0,0.0,0.2,0.2,0.0,0.0,0.2,0.0,0.0,0.2,0.0,29_NMWGold_1478_1,-1,other
70,2,0.0,0.0,0.2,0.0,0.0,0.0,0.0,0.0,0.2,0.2,0.0,0.0,0.2,0.0,0.0,0.2,0.0,30_NMWGold_1478_2,-1,other
71,2,0.0,0.0,0.2,0.0,0.0,0.0,0.0,0.0,0.2,0.2,0.0,0.0,0.2,0.0,0.0,0.2,0.0,31_NMWGold_1478_3,-1,other
72,2,0.0,0.0,0.2,0.0,0.0,0.0,0.0,0.0,0.2,0.2,0.0,0.0,0.2,0.0,0.0,0.2,0.0,32_NMWGold_331_1,-1,other
73,2,0.0,0.0,0.2,0.0,0.0,0.0,0.0,0.0,0.2,0.2,0.0,0.0,0.2,0.0,0.0,0.2,0.0,33_NMWGold_331_2,-1,other
74,12,0.0,0.0,0.2,0.0,0.0,0.0,0.0,0.0,0.2,0.0,0.0,0.0,0.3,0.3,0.0,0.0,0.0,34_NMWGold_331_3,-1,other
75,12,0.0,0.0,0.2,0.0,0.0,0.0,0.0,0.0,0.2,0.0,0.0,0.0,0.3,0.3,0.0,0.0,0.0,35_NMWGold_163_1,1,SQ
76,2,0.0,0.0,0.2,0.0,0.0,0.1,0.0,0.0,0.2,0.0,0.0,0.0,0.2,0.2,0.0,0.0,0.1,36_NMWGold_163_2,1,WW
77,12,0.0,0.0,0.2,0.0,0.0,0.0,0.0,0.0,0.2,0.0,0.0,0.0,0.3,0.3,0.0,0.0,0.0,37_NMWGold_163_3,1,SQ
78,12,0.0,0.0,0.2,0.0,0.0,0.0,0.0,0.0,0.2,0.0,0.0,0.0,0.3,0.3,0.0,0.0,0.0,06_NMWGold_676_1,1,SQ
79,12,0.0,0.0,0.2,0.0,0.0,0.0,0.0,0.0,0.2,0.0,0.0,0.0,0.3,0.3,0.0,0.0,0.0,07_NMWGold_676_2,-1,other
80,12,0.0,0.0,0.2,0.0,0.0,0.0,0.0,0.0,0.2,0.0,0.0,0.0,0.3,0.3,0.0,0.0,0.0,08_NMWGold_676_3,1,SQ
81,12,0.0,0.0,0.0,0.0,0.0,0.0,0.0,0.2,0.2,0.0,0.0,0.0,0.3,0.1,0.0,0.0,0.2,09_NMWGold_392_1,1,SQ
82,9,0.0,0.0,0.0,0.0,0.0,0.0,0.0,0.0,0.2,0.4,0.0,0.0,0.2,0.0,0.0,0.0,0.2,10_NMWGold_392_2,-1,other
83,9,0.0,0.0,0.0,0.0,0.0,0.0,0.0,0.0,0.2,0.4,0.0,0.0,0.2,0.0,0.0,0.0,0.2,11_NMWGold_392_3,1,WB
84,8,0.0,0.0,0.0,0.0,0.0,0.0,0.0,0.0,0.4,0.0,0.0,0.0,0.3,0.3,0.0,0.0,0.0,12_NMWGold_75_1,1,FG
85,12,0.0,0.0,0.2,0.0,0.0,0.0,0.0,0.0,0.2,0.0,0.0,0.0,0.3,0.3,0.0,0.0,0.0,13_NMWGold_75_2,1,SQ
86,12,0.0,0.0,0.0,0.0,0.0,0.0,0.0,0.0,0.2,0.2,0.0,0.0,0.3,0.1,0.0,0.0,0.2,14_NMWGold_75_3,1,SQ
87,12,0.0,0.0,0.0,0.0,0.0,0.0,0.0,0.2,0.2,0.0,0.0,0.0,0.3,0.1,0.0,0.0,0.2,15_NMWGold_76_1,1,SQ
88,12,0.0,0.0,0.0,0.0,0.0,0.0,0.0,0.2,0.2,0.0,0.0,0.0,0.3,0.1,0.0,0.0,0.2,16_NMWGold_76_2,1,SQ
89,12,0.0,0.0,0.0,0.0,0.0,0.0,0.0,0.2,0.2,0.0,0.0,0.0,0.3,0.1,0.0,0.0,0.2,17_NMWGold_76_3,1,SQ
90,9,0.0,0.0,0.0,0.0,0.0,0.0,0.0,0.0,0.2,0.4,0.0,0.0,0.2,0.0,0.0,0.0,0.2,18_NMWGold_61_1,1,WB
91,9,0.0,0.0,0.0,0.0,0.0,0.0,0.0,0.0,0.2,0.4,0.0,0.0,0.2,0.0,0.0,0.0,0.2,19_NMWGold_61_2,1,WB
92,9,0.0,0.0,0.0,0.0,0.0,0.0,0.0,0.0,0.2,0.4,0.0,0.0,0.2,0.0,0.0,0.0,0.2,20_NMWGold_61_3,1,WB
93,12,0.0,0.0,0.2,0.0,0.0,0.0,0.0,0.0,0.2,0.0,0.0,0.0,0.3,0.3,0.0,0.0,0.0,26_NMWGold_126_1,1,SQ
94,8,0.0,0.0,0.0,0.0,0.0,0.0,0.0,0.0,0.4,0.0,0.0,0.0,0.3,0.3,0.0,0.0,0.0,27_NMWGold_126_2,-1,other
95,12,0.0,0.0,0.2,0.0,0.0,0.0,0.0,0.0,0.2,0.0,0.0,0.0,0.3,0.3,0.0,0.0,0.0,28_NMWGold_126_3,1,SQ
96,2,0.0,0.0,0.2,0.0,0.0,0.0,0.0,0.0,0.2,0.2,0.0,0.0,0.2,0.0,0.0,0.2,0.0,29_NMWGwern_2.10_1,1,WW
97,2,0.0,0.0,0.2,0.0,0.0,0.0,0.0,0.0,0.2,0.2,0.0,0.0,0.2,0.0,0.0,0.2,0.0,30_NMWGwern_2.10_2,1,WW
98,2,0.0,0.0,0.4,0.2,0.0,0.0,0.0,0.0,0.2,0.0,0.0,0.0,0.2,0.0,0.0,0.0,0.0,31_NMWGwern_2.10_3,-1,other
99,8,0.0,0.0,0.0,0.0,0.0,0.0,0.0,0.0,0.4,0.2,0.0,0.0,0.2,0.0,0.0,0.2,0.0,32_NMWGwern_2.1044_1,1,FG
100,12,0.0,0.0,0.2,0.0,0.0,0.0,0.0,0.0,0.2,0.0,0.0,0.0,0.3,0.3,0.0,0.0,0.0,33_NMWGwern_2.1044_2,1,SQ
101,12,0.0,0.0,0.0,0.0,0.0,0.0,0.0,0.0,0.2,0.2,0.0,0.0,0.3,0.1,0.0,0.0,0.2,34_NMWGwern_2.1044_3,1,SQ
102,12,0.0,0.0,0.0,0.0,0.0,0.0,0.0,0.2,0.2,0.0,0.0,0.0,0.3,0.1,0.0,0.0,0.2,35_NMWGwern_2.1046_1,-1,other
103,8,0.0,0.0,0.0,0.0,0.0,0.0,0.0,0.0,0.4,0.0,0.0,0.0,0.3,0.3,0.0,0.0,0.0,36_NMWGwern_2.1046_2,1,FG
104,8,0.0,0.0,0.0,0.0,0.0,0.0,0.0,0.0,0.4,0.2,0.0,0.0,0.2,0.2,0.0,0.0,0.0,37_NMWGwern_2.1046_3,1,FG
105,9,0.0,0.0,0.0,0.0,0.0,0.0,0.0,0.0,0.2,0.4,0.0,0.0,0.2,0.0,0.0,0.0,0.2,38_NMWGwern_2.1051_1,1,WB
106,9,0.0,0.0,0.0,0.0,0.0,0.0,0.0,0.0,0.2,0.4,0.0,0.0,0.2,0.0,0.0,0.0,0.2,39_NMWGwern_2.1051_2,1,WB
107,9,0.0,0.0,0.0,0.0,0.0,0.0,0.0,0.0,0.2,0.4,0.0,0.0,0.2,0.0,0.0,0.0,0.2,40_NMWGwern_2.1051_3,1,WB
108,2,0.0,0.0,0.4,0.2,0.0,0.0,0.0,0.0,0.2,0.0,0.0,0.0,0.2,0.0,0.0,0.0,0.0,46_NMWGwern_2.13_1,1,WW
109,12,0.0,0.0,0.2,0.0,0.0,0.0,0.0,0.0,0.2,0.0,0.0,0.0,0.3,0.3,0.0,0.0,0.0,47_NMWGwern_2.13_2,1,SQ
110,8,0.0,0.0,0.0,0.0,0.0,0.0,0.0,0.0,0.4,0.0,0.0,0.0,0.3,0.3,0.0,0.0,0.0,48_NMWGwern_2.13_3,1,FG
111,2,0.0,0.0,0.2,0.0,0.0,0.0,0.0,0.0,0.2,0.2,0.0,0.0,0.2,0.0,0.0,0.2,0.0,49_NMWGwern_2.8_1,-1,other
112,2,0.0,0.0,0.2,0.0,0.0,0.0,0.0,0.0,0.2,0.2,0.0,0.0,0.2,0.0,0.0,0.2,0.0,50_NMWGwern_2.8_2,-1,other
113,2,0.0,0.0,0.2,0.0,0.0,0.0,0.0,0.0,0.2,0.2,0.0,0.0,0.2,0.0,0.0,0.2,0.0,51_NMWGwern_2.8_3,-1,other
114,2,0.0,0.0,0.2,0.0,0.0,0.0,0.0,0.0,0.2,0.2,0.0,0.0,0.2,0.0,0.0,0.2,0.0,52_NMWGwern_2.857_1,-1,other
115,2,0.0,0.0,0.2,0.0,0.0,0.0,0.0,0.0,0.2,0.2,0.0,0.0,0.2,0.0,0.0,0.2,0.0,53_NMWGwern_2.857_2,-1,other
116,2,0.0,0.0,0.2,0.0,0.0,0.0,0.0,0.0,0.2,0.2,0.0,0.0,0.2,0.0,0.0,0.2,0.0,54_NMWGwern_2.857_3,1,WW
117,8,0.0,0.0,0.0,0.0,0.0,0.0,0.0,0.0,0.4,0.2,0.0,0.0,0.2,0.0,0.0,0.2,0.0,06_NMWGwern_2.860_1,1,FG
118,2,0.0,0.0,0.2,0.0,0.0,0.0,0.0,0.0,0.2,0.2,0.0,0.0,0.2,0.0,0.0,0.2,0.0,07_NMWGwern_2.860_2,1,WW
119,2,0.0,0.0,0.2,0.0,0.0,0.0,0.0,0.0,0.2,0.2,0.0,0.0,0.2,0.0,0.0,0.2,0.0,08_NMWGwern_2.860_3,1,WW
120,2,0.0,0.0,0.2,0.0,0.0,0.0,0.0,0.0,0.2,0.2,0.0,0.0,0.2,0.0,0.0,0.2,0.0,09_NMWGwern_2.9_1,1,WW
121,2,0.0,0.0,0.2,0.0,0.0,0.0,0.0,0.0,0.2,0.2,0.0,0.0,0.2,0.0,0.0,0.2,0.0,10_NMWGwern_2.9_2,1,WW
122,2,0.0,0.0,0.2,0.0,0.0,0.0,0.0,0.0,0.2,0.2,0.0,0.0,0.2,0.0,0.0,0.2,0.0,11_NMWGwern_2.9_3,1,WW
123,2,0.0,0.0,0.2,0.0,0.0,0.0,0.0,0.0,0.2,0.2,0.0,0.0,0.2,0.0,0.0,0.2,0.0,12_NMWGwern_2.919_1,-1,other
124,2,0.0,0.0,0.2,0.0,0.0,0.0,0.0,0.0,0.2,0.2,0.0,0.0,0.2,0.0,0.0,0.2,0.0,13_NMWGwern_2.919_2,-1,other
125,2,0.0,0.0,0.2,0.0,0.0,0.0,0.0,0.0,0.2,0.2,0.0,0.0,0.2,0.0,0.0,0.2,0.0,14_NMWGwern_2.919_3,-1,other
126,2,0.0,0.0,0.2,0.0,0.0,0.0,0.0,0.0,0.2,0.2,0.0,0.0,0.2,0.0,0.0,0.2,0.0,15_NMWGwern_2.926_1,1,WW
127,2,0.0,0.0,0.2,0.0,0.0,0.0,0.0,0.0,0.2,0.2,0.0,0.0,0.2,0.0,0.0,0.2,0.0,16_NMWGwern_2.926_2,1,WW
128,2,0.0,0.0,0.6,0.0,0.0,0.0,0.0,0.2,0.2,0.0,0.0,0.0,0.0,0.0,0.0,0.0,0.0,17_NMWGwern_2.926_3,-1,other
129,2,0.0,0.0,0.6,0.0,0.0,0.0,0.0,0.0,0.2,0.0,0.0,0.0,0.2,0.0,0.0,0.0,0.0,18_NMWGwern_2.984_1,1,WW
130,2,0.0,0.0,0.2,0.0,0.0,0.0,0.0,0.0,0.2,0.2,0.0,0.0,0.2,0.0,0.0,0.2,0.0,19_NMWGwern_2.984_2,1,WW
131,2,0.0,0.0,0.2,0.0,0.0,0.0,0.0,0.0,0.2,0.2,0.0,0.0,0.2,0.0,0.0,0.2,0.0,20_NMWGwern_2.984_3,1,WW
132,2,0.0,0.0,0.2,0.0,0.0,0.0,0.0,0.0,0.2,0.2,0.0,0.0,0.2,0.0,0.0,0.2,0.0,26_UBSS_62_1,1,WW
133,2,0.0,0.0,0.2,0.0,0.0,0.0,0.0,0.0,0.2,0.2,0.0,0.0,0.2,0.0,0.0,0.2,0.0,27_UBSS_62_2,1,WW
134,2,0.0,0.0,0.2,0.0,0.0,0.0,0.0,0.0,0.2,0.2,0.0,0.0,0.2,0.0,0.0,0.2,0.0,28_UBSS_62_3,1,WW
135,2,0.0,0.0,0.2,0.0,0.0,0.0,0.0,0.0,0.2,0.2,0.0,0.0,0.2,0.0,0.0,0.2,0.0,29_UBSS_272_1,1,WW
136,2,0.0,0.0,0.2,0.0,0.0,0.0,0.0,0.0,0.2,0.2,0.0,0.0,0.2,0.0,0.0,0.2,0.0,30_UBSS_272_2,1,WW
137,2,0.0,0.0,0.2,0.0,0.0,0.0,0.0,0.0,0.2,0.2,0.0,0.0,0.2,0.0,0.0,0.2,0.0,31_UBSS_272_3,1,WW
138,12,0.0,0.0,0.2,0.0,0.0,0.0,0.0,0.0,0.2,0.0,0.0,0.0,0.3,0.3,0.0,0.0,0.0,06_UBSS_150_1,-1,other
139,12,0.0,0.0,0.2,0.0,0.0,0.0,0.0,0.0,0.2,0.0,0.0,0.0,0.3,0.3,0.0,0.0,0.0,07_UBSS_150_2,-1,other
140,12,0.0,0.0,0.2,0.0,0.0,0.0,0.0,0.0,0.2,0.0,0.0,0.0,0.3,0.3,0.0,0.0,0.0,08_UBSS_150_3,-1,other
141,8,0.0,0.0,0.0,0.0,0.0,0.0,0.0,0.0,0.4,0.2,0.0,0.0,0.2,0.0,0.0,0.2,0.0,09_UBSS_114a_1,1,FG
142,2,0.0,0.0,0.2,0.0,0.0,0.0,0.0,0.0,0.2,0.2,0.0,0.0,0.2,0.0,0.0,0.2,0.0,10_UBSS_114a_2,1,WW
143,2,0.0,0.0,0.2,0.0,0.0,0.0,0.0,0.0,0.2,0.2,0.0,0.0,0.2,0.0,0.0,0.2,0.0,11_UBSS_114a_3,-1,other
144,2,0.0,0.0,0.4,0.0,0.0,0.2,0.0,0.0,0.2,0.0,0.0,0.0,0.1,0.1,0.0,0.0,0.0,06_UBSS_8_1,1,WW
145,9,0.0,0.0,0.2,0.0,0.0,0.0,0.0,0.0,0.2,0.4,0.0,0.0,0.0,0.0,0.0,0.0,0.2,07_UBSS_8_2,1,WB
146,2,0.0,0.0,0.2,0.0,0.0,0.0,0.0,0.0,0.2,0.2,0.0,0.0,0.2,0.0,0.0,0.2,0.0,08_UBSS_8_3,1,WW
147,2,0.0,0.0,0.6,0.0,0.0,0.2,0.0,0.0,0.2,0.0,0.0,0.0,0.0,0.0,0.0,0.0,0.0,09_UBSS_9_1,-1,other
148,2,0.0,0.0,0.6,0.0,0.0,0.2,0.0,0.0,0.2,0.0,0.0,0.0,0.0,0.0,0.0,0.0,0.0,10_UBSS_9_2,-1,other
149,2,0.0,0.0,0.4,0.0,0.0,0.0,0.0,0.0,0.2,0.2,0.0,0.0,0.0,0.0,0.0,0.2,0.0,11_UBSS_9_3,1,WW
150,2,0.0,0.0,0.4,0.0,0.0,0.0,0.0,0.0,0.2,0.2,0.0,0.0,0.0,0.0,0.0,0.2,0.0,12_UBSS_15_1,1,WW
151,2,0.0,0.0,0.4,0.0,0.0,0.2,0.0,0.0,0.2,0.0,0.0,0.0,0.1,0.1,0.0,0.0,0.0,13_UBSS_15_2,1,WW
152,2,0.0,0.0,0.4,0.0,0.0,0.0,0.0,0.0,0.2,0.2,0.0,0.0,0.0,0.0,0.0,0.2,0.0,14_UBSS_15_3,-1,other
153,2,0.0,0.0,0.2,0.0,0.0,0.0,0.0,0.0,0.2,0.2,0.0,0.0,0.2,0.0,0.0,0.2,0.0,15_UBSS_24_1,1,WW
154,2,0.0,0.0,0.2,0.0,0.0,0.0,0.0,0.0,0.2,0.2,0.0,0.0,0.2,0.0,0.0,0.2,0.0,16_UBSS_24_2,1,WW
155,2,0.0,0.0,0.2,0.0,0.0,0.0,0.0,0.0,0.2,0.2,0.0,0.0,0.2,0.0,0.0,0.2,0.0,17_UBSS_24_3,1,WW
156,2,0.0,0.0,0.4,0.0,0.0,0.0,0.0,0.0,0.2,0.2,0.0,0.0,0.0,0.0,0.0,0.2,0.0,18_UBSS_25_1,1,WW
157,2,0.0,0.0,0.4,0.0,0.0,0.0,0.0,0.0,0.2,0.2,0.0,0.0,0.0,0.0,0.0,0.2,0.0,19_UBSS_25_2,1,WW
158,2,0.0,0.0,0.4,0.0,0.0,0.0,0.0,0.0,0.2,0.2,0.0,0.0,0.0,0.0,0.0,0.2,0.0,20_UBSS_25_3,1,WW
159,9,0.0,0.0,0.2,0.0,0.0,0.0,0.0,0.0,0.2,0.4,0.0,0.0,0.0,0.0,0.0,0.0,0.2,26_UBSS_19_1,-1,other
160,9,0.0,0.0,0.0,0.0,0.0,0.0,0.0,0.0,0.2,0.4,0.0,0.0,0.2,0.0,0.0,0.0,0.2,27_UBSS_19_2,-1,other
161,9,0.0,0.0,0.2,0.0,0.0,0.0,0.0,0.0,0.2,0.4,0.0,0.0,0.0,0.0,0.0,0.0,0.2,28_UBSS_19_3,-1,other
162,2,0.0,0.0,0.2,0.0,0.0,0.0,0.0,0.0,0.2,0.2,0.0,0.0,0.2,0.0,0.0,0.2,0.0,29_UBSS_16_1,1,WW
163,2,0.0,0.0,0.4,0.0,0.0,0.0,0.0,0.0,0.2,0.2,0.0,0.0,0.0,0.0,0.0,0.2,0.0,30_UBSS_16_2,1,WW
164,2,0.0,0.0,0.2,0.0,0.0,0.0,0.0,0.0,0.2,0.2,0.0,0.0,0.2,0.0,0.0,0.2,0.0,31_UBSS_16_3,-1,other
165,7,0.0,0.0,0.0,0.0,0.0,0.0,0.0,0.4,0.2,0.0,0.0,0.0,0.3,0.1,0.0,0.0,0.0,32_UBSS_117_1,-1,other
166,2,0.0,0.0,0.2,0.0,0.0,0.0,0.0,0.0,0.2,0.2,0.0,0.0,0.2,0.0,0.0,0.2,0.0,33_UBSS_117_2,-1,other
167,2,0.0,0.0,0.2,0.0,0.0,0.0,0.0,0.0,0.2,0.2,0.0,0.0,0.2,0.0,0.0,0.2,0.0,34_UBSS_117_3,1,WW
168,9,0.0,0.0,0.0,0.0,0.0,0.0,0.0,0.0,0.2,0.4,0.0,0.0,0.2,0.0,0.0,0.0,0.2,35_UBSS_118_1,-1,other
169,7,0.0,0.0,0.0,0.0,0.0,0.0,0.0,0.2,0.2,0.2,0.0,0.0,0.2,0.0,0.0,0.0,0.2,36_UBSS_118_2,1,SL
170,9,0.0,0.0,0.0,0.0,0.0,0.0,0.0,0.0,0.2,0.4,0.0,0.0,0.2,0.0,0.0,0.0,0.2,37_UBSS_118_3,-1,other
171,2,0.0,0.0,0.2,0.0,0.0,0.0,0.0,0.0,0.2,0.2,0.0,0.0,0.2,0.0,0.0,0.2,0.0,38_UBSS_119_1,1,WW
172,8,0.0,0.0,0.0,0.0,0.0,0.0,0.0,0.0,0.4,0.2,0.0,0.0,0.2,0.0,0.0,0.2,0.0,39_UBSS_119_2,1,FG
173,12,0.0,0.0,0.2,0.0,0.0,0.0,0.0,0.0,0.2,0.0,0.0,0.0,0.3,0.3,0.0,0.0,0.0,40_UBSS_119_3,1,SQ
174,2,0.0,0.0,0.2,0.0,0.0,0.0,0.0,0.0,0.2,0.2,0.0,0.0,0.2,0.0,0.0,0.2,0.0,15_Cefn_7172_74_1,-1,other
175,9,0.0,0.0,0.0,0.0,0.0,0.0,0.0,0.0,0.2,0.4,0.0,0.0,0.2,0.0,0.0,0.0,0.2,16_Cefn_7172_74_2,-1,other
176,9,0.0,0.0,0.0,0.0,0.0,0.0,0.0,0.0,0.2,0.4,0.0,0.0,0.2,0.0,0.0,0.0,0.2,17_Cefn_7172_74_3,1,WB
177,2,0.0,0.0,0.2,0.0,0.0,0.0,0.0,0.0,0.2,0.2,0.0,0.0,0.2,0.0,0.0,0.2,0.0,18_Cefn_7172_X1_1,-1,other
178,2,0.0,0.0,0.2,0.0,0.0,0.0,0.0,0.0,0.2,0.2,0.0,0.0,0.2,0.0,0.0,0.2,0.0,19_Cefn_7172_X1_2,1,WW
179,2,0.0,0.0,0.2,0.0,0.0,0.0,0.0,0.0,0.2,0.2,0.0,0.0,0.2,0.0,0.0,0.2,0.0,20_Cefn_7172_X1_3,1,WW
180,2,0.0,0.0,0.4,0.0,0.0,0.0,0.0,0.0,0.0,0.2,0.0,0.0,0.2,0.0,0.0,0.2,0.0,26_Cefn_7172_X2_1,-1,other
181,2,0.0,0.0,0.2,0.0,0.0,0.0,0.0,0.0,0.2,0.2,0.0,0.0,0.2,0.0,0.0,0.2,0.0,27_Cefn_7172_X2_2,1,WW
182,2,0.0,0.0,0.2,0.0,0.0,0.0,0.0,0.0,0.2,0.2,0.0,0.0,0.2,0.0,0.0,0.2,0.0,28_Cefn_7172_X2_3,1,WW
183,8,0.0,0.0,0.0,0.0,0.0,0.0,0.0,0.0,0.4,0.2,0.0,0.0,0.2,0.0,0.0,0.2,0.0,29_Cefn_7172_X3_1,1,FG
184,8,0.0,0.0,0.0,0.0,0.0,0.0,0.0,0.0,0.4,0.2,0.0,0.0,0.2,0.0,0.0,0.2,0.0,30_Cefn_7172_X3_2,-1,other
185,9,0.0,0.0,0.0,0.0,0.0,0.0,0.0,0.0,0.2,0.4,0.0,0.0,0.2,0.0,0.0,0.0,0.2,31_Cefn_7172_X3_3,1,WB
186,9,0.0,0.0,0.0,0.0,0.0,0.0,0.0,0.0,0.2,0.4,0.0,0.0,0.2,0.0,0.0,0.0,0.2,32_Cefn_7172_X4_1,1,WB
187,9,0.0,0.0,0.0,0.0,0.0,0.0,0.0,0.0,0.2,0.4,0.0,0.0,0.2,0.0,0.0,0.0,0.2,33_Cefn_7172_X4_2,1,WB
188,9,0.0,0.0,0.0,0.0,0.0,0.0,0.0,0.0,0.2,0.4,0.0,0.0,0.2,0.0,0.0,0.0,0.2,34_Cefn_7172_X4_3,1,WB
189,9,0.0,0.0,0.0,0.0,0.0,0.0,0.0,0.0,0.2,0.4,0.0,0.0,0.2,0.0,0.0,0.0,0.2,46_Stock_7172_58_1,1,WB
190,9,0.0,0.0,0.0,0.0,0.0,0.0,0.0,0.0,0.2,0.4,0.0,0.0,0.2,0.0,0.0,0.0,0.2,47_Stock_7172_58_2,-1,other
191,2,0.0,0.0,0.2,0.0,0.0,0.0,0.0,0.0,0.2,0.2,0.0,0.0,0.2,0.0,0.0,0.2,0.0,48_Stock_7172_58_3,1,WW
192,2,0.0,0.0,0.4,0.0,0.0,0.0,0.0,0.0,0.2,0.2,0.0,0.0,0.0,0.0,0.0,0.2,0.0,49_Pucha_8408_11_1,1,WW
193,2,0.0,0.0,0.4,0.0,0.0,0.0,0.0,0.0,0.2,0.2,0.0,0.0,0.0,0.0,0.0,0.2,0.0,50_Pucha_8408_11_2,1,WW
194,2,0.0,0.0,0.4,0.0,0.0,0.0,0.0,0.0,0.2,0.2,0.0,0.0,0.0,0.0,0.0,0.2,0.0,51_Pucha_8408_11_3,1,WW
195,2,0.0,0.0,0.4,0.0,0.0,0.0,0.0,0.0,0.2,0.2,0.0,0.0,0.0,0.0,0.0,0.2,0.0,52_Pucha_8408_12_1,1,WW
196,8,0.0,0.0,0.2,0.0,0.0,0.0,0.0,0.0,0.4,0.2,0.0,0.0,0.0,0.0,0.0,0.2,0.0,53_Pucha_8408_12_2,-1,other
197,2,0.0,0.0,0.4,0.0,0.0,0.0,0.0,0.0,0.2,0.2,0.0,0.0,0.0,0.0,0.0,0.2,0.0,54_Pucha_8408_12_3,1,WW
198,2,0.0,0.0,0.2,0.0,0.0,0.0,0.0,0.0,0.2,0.2,0.0,0.0,0.2,0.0,0.0,0.2,0.0,55_Pucha_7172_501_1,1,WW
199,12,0.0,0.0,0.2,0.0,0.0,0.0,0.0,0.0,0.2,0.0,0.0,0.0,0.3,0.3,0.0,0.0,0.0,56_Pucha_7172_501_2,-1,other
200,12,0.0,0.0,0.2,0.0,0.0,0.0,0.0,0.0,0.2,0.0,0.0,0.0,0.3,0.3,0.0,0.0,0.0,57_Pucha_7172_501_3,-1,other
201,9,0.0,0.0,0.2,0.0,0.0,0.0,0.0,0.0,0.2,0.4,0.0,0.0,0.0,0.0,0.0,0.0,0.2,61_Pucha_7172_473_1,1,WB
202,9,0.0,0.0,0.2,0.0,0.0,0.0,0.0,0.0,0.2,0.4,0.0,0.0,0.0,0.0,0.0,0.0,0.2,62_Pucha_7172_473_2,1,WB
203,9,0.0,0.0,0.2,0.0,0.0,0.0,0.0,0.0,0.2,0.4,0.0,0.0,0.0,0.0,0.0,0.0,0.2,63_Pucha_7172_473_3,1,WB
204,9,0.0,0.0,0.0,0.0,0.0,0.0,0.0,0.0,0.2,0.4,0.0,0.0,0.2,0.0,0.0,0.0,0.2,58_Wood_7172_529_1,1,WB
205,9,0.0,0.0,0.2,0.0,0.0,0.0,0.0,0.0,0.2,0.4,0.0,0.0,0.0,0.0,0.0,0.0,0.2,59_Wood_7172_529_2,1,WB
206,9,0.0,0.0,0.2,0.0,0.0,0.0,0.0,0.0,0.2,0.4,0.0,0.0,0.0,0.0,0.0,0.0,0.2,60_Wood_7172_529_3,1,WB
207,2,0.0,0.0,0.4,0.0,0.0,0.3,0.0,0.0,0.2,0.0,0.0,0.0,0.0,0.0,0.0,0.0,0.1,09_PH_2910_1,-1,other
208,8,0.0,0.0,0.2,0.0,0.0,0.3,0.0,0.0,0.4,0.0,0.0,0.0,0.0,0.0,0.0,0.0,0.1,10_PH_2910_2,-1,other
209,2,0.0,0.0,0.4,0.0,0.0,0.0,0.0,0.0,0.2,0.0,0.0,0.0,0.1,0.3,0.0,0.0,0.0,11_PH_2910_3,-1,other
210,9,0.0,0.0,0.0,0.0,0.0,0.0,0.0,0.0,0.2,0.4,0.0,0.0,0.2,0.0,0.0,0.0,0.2,12_PH_1902_1,1,WB
211,8,0.0,0.0,0.2,0.0,0.0,0.0,0.0,0.0,0.4,0.2,0.0,0.0,0.0,0.0,0.0,0.2,0.0,13_PH_1902_2,1,FG
212,2,0.0,0.0,0.2,0.0,0.0,0.0,0.0,0.0,0.2,0.2,0.0,0.0,0.2,0.0,0.0,0.2,0.0,14_PH_1902_3,1,WW
213,9,0.0,0.0,0.0,0.0,0.0,0.0,0.0,0.0,0.2,0.4,0.0,0.0,0.2,0.0,0.0,0.0,0.2,15_PH_1762_1,1,WB
214,8,0.0,0.0,0.2,0.0,0.0,0.0,0.0,0.0,0.4,0.2,0.0,0.0,0.0,0.0,0.0,0.2,0.0,16_PH_1762_2,1,FG
215,2,0.0,0.0,0.4,0.0,0.0,0.0,0.0,0.0,0.2,0.2,0.0,0.0,0.0,0.0,0.0,0.2,0.0,17_PH_1762_3,1,WW
216,2,0.0,0.0,0.2,0.0,0.0,0.0,0.0,0.0,0.2,0.2,0.0,0.0,0.2,0.0,0.0,0.2,0.0,18_PH_1712_1,-1,other
217,2,0.0,0.0,0.4,0.0,0.0,0.0,0.0,0.0,0.2,0.2,0.0,0.0,0.0,0.0,0.0,0.2,0.0,19_PH_1712_2,1,WW
218,2,0.0,0.0,0.4,0.0,0.0,0.0,0.0,0.0,0.2,0.2,0.0,0.0,0.0,0.0,0.0,0.2,0.0,20_PH_1712_3,1,WW
219,8,0.0,0.0,0.2,0.0,0.0,0.0,0.0,0.0,0.4,0.2,0.0,0.0,0.0,0.0,0.0,0.2,0.0,26_PH_NARC063F41_1,1,FG
220,2,0.0,0.0,0.2,0.0,0.0,0.0,0.0,0.2,0.2,0.2,0.0,0.0,0.0,0.0,0.0,0.0,0.2,27_PH_NARC063F41_2,-1,other
221,2,0.0,0.0,0.6,0.0,0.0,0.2,0.0,0.0,0.2,0.0,0.0,0.0,0.0,0.0,0.0,0.0,0.0,28_PH_NARC063F41_3,-1,other
222,9,0.0,0.0,0.2,0.0,0.0,0.0,0.0,0.0,0.2,0.4,0.0,0.0,0.0,0.0,0.0,0.0,0.2,29_PH_3334_1,1,WB
223,2,0.0,0.0,0.4,0.0,0.0,0.0,0.0,0.0,0.2,0.2,0.0,0.0,0.0,0.0,0.0,0.2,0.0,30_PH_3334_2,1,WW
224,2,0.0,0.0,0.4,0.0,0.0,0.0,0.0,0.0,0.2,0.2,0.0,0.0,0.0,0.0,0.0,0.2,0.0,31_PH_3334_3,1,WW
225,2,0.0,0.0,0.2,0.0,0.0,0.0,0.0,0.0,0.2,0.2,0.0,0.0,0.2,0.0,0.0,0.2,0.0,32_PH_3341_1,1,WW
226,2,0.0,0.0,0.2,0.0,0.0,0.0,0.0,0.0,0.2,0.2,0.0,0.0,0.2,0.0,0.0,0.2,0.0,33_PH_3341_2,1,WW
227,2,0.0,0.0,0.2,0.0,0.0,0.0,0.0,0.0,0.2,0.2,0.0,0.0,0.2,0.0,0.0,0.2,0.0,34_PH_3341_3,1,WW
228,2,0.0,0.0,0.4,0.0,0.0,0.0,0.0,0.0,0.2,0.2,0.0,0.0,0.0,0.0,0.0,0.2,0.0,35_PH_4083_1,-1,other
229,2,0.0,0.0,0.2,0.0,0.0,0.0,0.0,0.0,0.2,0.2,0.0,0.0,0.2,0.0,0.0,0.2,0.0,36_PH_4083_2,1,WW
230,2,0.0,0.0,0.2,0.0,0.0,0.0,0.0,0.0,0.2,0.2,0.0,0.0,0.2,0.0,0.0,0.2,0.0,37_PH_4083_3,1,WW
231,2,0.0,0.0,0.4,0.0,0.0,0.0,0.0,0.0,0.2,0.2,0.0,0.0,0.0,0.0,0.0,0.2,0.0,38_PH_3370_1,1,WW
232,2,0.0,0.0,0.4,0.0,0.0,0.0,0.0,0.0,0.2,0.2,0.0,0.0,0.0,0.0,0.0,0.2,0.0,39_PH_3370_2,-1,other
233,2,0.0,0.0,0.4,0.0,0.0,0.0,0.0,0.0,0.2,0.2,0.0,0.0,0.0,0.0,0.0,0.2,0.0,40_PH_3370_3,-1,other
234,9,0.0,0.0,0.2,0.0,0.0,0.0,0.0,0.0,0.2,0.4,0.0,0.0,0.0,0.0,0.0,0.0,0.2,46_PH_1197_1,1,WB
235,2,0.0,0.0,0.4,0.0,0.0,0.0,0.0,0.0,0.2,0.2,0.0,0.0,0.0,0.0,0.0,0.2,0.0,47_PH_1197_2,1,WW
236,12,0.0,0.0,0.2,0.0,0.0,0.0,0.0,0.0,0.2,0.0,0.0,0.0,0.3,0.3,0.0,0.0,0.0,48_PH_1197_3,1,SQ
237,9,0.0,0.0,0.2,0.0,0.0,0.0,0.0,0.0,0.2,0.4,0.0,0.0,0.0,0.0,0.0,0.0,0.2,49_PH_1908_1,1,WB
238,2,0.0,0.0,0.2,0.0,0.0,0.0,0.0,0.0,0.2,0.2,0.0,0.0,0.0,0.0,0.2,0.0,0.2,50_PH_1908_2,-1,other
239,8,0.0,0.0,0.2,0.0,0.0,0.0,0.0,0.0,0.4,0.2,0.0,0.0,0.0,0.0,0.0,0.2,0.0,51_PH_1908_3,1,FG
240,2,0.0,0.0,0.2,0.0,0.0,0.0,0.0,0.0,0.2,0.2,0.0,0.0,0.2,0.0,0.0,0.2,0.0,52_PH_4466_1,-1,other
241,12,0.0,0.0,0.2,0.0,0.0,0.0,0.0,0.0,0.2,0.0,0.0,0.0,0.3,0.3,0.0,0.0,0.0,53_PH_4466_2,1,SQ
242,2,0.0,0.0,0.4,0.0,0.0,0.0,0.0,0.0,0.2,0.2,0.0,0.0,0.0,0.0,0.0,0.2,0.0,54_PH_4466_3,1,WW
243,2,0.0,0.0,0.2,0.0,0.0,0.0,0.0,0.0,0.2,0.2,0.0,0.0,0.2,0.0,0.0,0.2,0.0,55_PH_2412_1,-1,other
244,2,0.0,0.0,0.2,0.0,0.0,0.0,0.0,0.0,0.2,0.2,0.0,0.0,0.2,0.0,0.0,0.2,0.0,56_PH_2412_2,-1,other
245,2,0.0,0.0,0.2,0.0,0.0,0.0,0.0,0.0,0.2,0.2,0.0,0.0,0.2,0.0,0.0,0.2,0.0,57_PH_2412_3,-1,other
246,8,0.0,0.0,0.0,0.0,0.0,0.0,0.0,0.0,0.4,0.2,0.0,0.0,0.2,0.0,0.0,0.2,0.0,58_PH_2209_1,-1,other
247,8,0.0,0.0,0.0,0.0,0.0,0.0,0.0,0.0,0.4,0.2,0.0,0.0,0.2,0.0,0.0,0.2,0.0,59_PH_2209_2,-1,other
248,8,0.0,0.0,0.0,0.0,0.0,0.0,0.0,0.0,0.2,0.2,0.0,0.0,0.2,0.0,0.2,0.0,0.2,60_PH_2209_3,-1,other
249,2,0.0,0.0,0.4,0.0,0.0,0.0,0.0,0.0,0.2,0.2,0.0,0.0,0.0,0.0,0.0,0.2,0.0,66_PH_3030_1,1,WW
250,2,0.0,0.0,0.4,0.0,0.0,0.0,0.0,0.0,0.2,0.2,0.0,0.0,0.0,0.0,0.0,0.2,0.0,67_PH_3030_2,1,WW
251,2,0.0,0.0,0.4,0.0,0.0,0.0,0.0,0.0,0.2,0.2,0.0,0.0,0.0,0.0,0.0,0.2,0.0,68_PH_3030_3,-1,other
252,2,0.0,0.0,0.4,0.0,0.0,0.0,0.0,0.0,0.2,0.2,0.0,0.0,0.0,0.0,0.0,0.2,0.0,69_PH_2211_1,-1,other
253,2,0.0,0.0,0.6,0.2,0.0,0.0,0.0,0.0,0.2,0.0,0.0,0.0,0.0,0.0,0.0,0.0,0.0,70_PH_2211_2,-1,other
254,2,0.0,0.0,0.6,0.0,0.0,0.0,0.0,0.0,0.2,0.0,0.0,0.0,0.2,0.0,0.0,0.0,0.0,71_PH_2211_3,-1,other
255,16,0.0,0.0,0.2,0.0,0.0,0.1,0.0,0.0,0.2,0.2,0.0,0.0,0.0,0.0,0.0,0.0,0.3,72_PH_1139_1,1,LB
256,2,0.0,0.0,0.4,0.0,0.0,0.0,0.0,0.0,0.2,0.2,0.0,0.0,0.0,0.0,0.0,0.2,0.0,73_PH_1139_2,-1,other
257,2,0.0,0.0,0.4,0.0,0.0,0.0,0.0,0.0,0.2,0.2,0.0,0.0,0.0,0.0,0.0,0.2,0.0,74_PH_1139_3,-1,other
258,2,0.0,0.0,0.4,0.0,0.0,0.0,0.0,0.0,0.2,0.2,0.0,0.0,0.0,0.0,0.0,0.2,0.0,75_PH_NARC-0555F8_1,-1,other
259,2,0.0,0.0,0.4,0.0,0.0,0.0,0.0,0.0,0.2,0.2,0.0,0.0,0.0,0.0,0.0,0.2,0.0,76_PH_NARC-0555F8_2,-1,other
260,9,0.0,0.0,0.2,0.0,0.0,0.0,0.0,0.0,0.2,0.4,0.0,0.0,0.0,0.0,0.0,0.0,0.2,77_PH_NARC-0555F8_3,-1,other
261,2,0.0,0.0,0.4,0.0,0.0,0.0,0.0,0.0,0.2,0.2,0.0,0.0,0.0,0.0,0.0,0.2,0.0,78_PH_2574_1,-1,other
262,2,0.0,0.0,0.4,0.0,0.0,0.0,0.0,0.0,0.2,0.2,0.0,0.0,0.0,0.0,0.0,0.2,0.0,79_PH_2574_2,-1,other
263,2,0.0,0.0,0.4,0.0,0.0,0.2,0.0,0.0,0.2,0.2,0.0,0.0,0.0,0.0,0.0,0.0,0.0,80_PH_2574_3,-1,other
264,2,0.0,0.0,0.4,0.0,0.0,0.0,0.0,0.0,0.2,0.2,0.0,0.0,0.0,0.0,0.0,0.2,0.0,81_PH_3039_1,-1,other
265,2,0.0,0.0,0.2,0.0,0.0,0.0,0.0,0.0,0.2,0.2,0.0,0.0,0.1,0.1,0.0,0.0,0.2,82_PH_3039_2,1,WW
266,2,0.0,0.0,0.2,0.0,0.0,0.0,0.0,0.0,0.2,0.2,0.0,0.0,0.2,0.0,0.0,0.2,0.0,83_PH_3039_3,1,WW
267,9,0.0,0.0,0.0,0.0,0.0,0.0,0.0,0.0,0.2,0.4,0.0,0.0,0.2,0.0,0.0,0.0,0.2,89_PH_2610_1,1,WB
268,2,0.0,0.0,0.2,0.0,0.0,0.0,0.0,0.0,0.2,0.2,0.0,0.0,0.2,0.0,0.0,0.2,0.0,90_PH_2610_2,1,WW
269,8,0.0,0.0,0.0,0.0,0.0,0.0,0.0,0.0,0.4,0.0,0.0,0.0,0.3,0.3,0.0,0.0,0.0,91_PH_2610_3,-1,other
270,2,0.0,0.0,0.4,0.0,0.0,0.0,0.0,0.0,0.2,0.2,0.0,0.0,0.0,0.0,0.0,0.2,0.0,92_PH_3281_1,1,WW
271,2,0.0,0.0,0.2,0.0,0.0,0.0,0.0,0.0,0.2,0.2,0.0,0.0,0.2,0.0,0.0,0.2,0.0,93_PH_3281_2,1,WW
272,8,0.0,0.0,0.2,0.0,0.0,0.0,0.0,0.0,0.4,0.2,0.0,0.0,0.0,0.0,0.0,0.2,0.0,94_PH_3281_3,-1,other
273,2,0.0,0.0,0.2,0.0,0.0,0.0,0.0,0.0,0.2,0.2,0.0,0.0,0.2,0.0,0.0,0.2,0.0,95_PH_1373_1,-1,other
274,2,0.0,0.0,0.2,0.0,0.0,0.0,0.0,0.0,0.2,0.2,0.0,0.0,0.2,0.0,0.0,0.2,0.0,96_PH_1373_2,1,WW
275,2,0.0,0.0,0.4,0.0,0.0,0.0,0.0,0.0,0.2,0.2,0.0,0.0,0.0,0.0,0.0,0.2,0.0,97_PH_1373_3,-1,other
276,2,0.0,0.0,0.4,0.0,0.0,0.0,0.0,0.0,0.2,0.2,0.0,0.0,0.0,0.0,0.0,0.2,0.0,98_PH_3007_1,-1,other
277,2,0.0,0.0,0.4,0.0,0.0,0.0,0.0,0.0,0.2,0.2,0.0,0.0,0.0,0.0,0.0,0.2,0.0,99_PH_3007_2,-1,other
278,2,0.0,0.0,0.2,0.0,0.0,0.0,0.0,0.0,0.2,0.2,0.0,0.0,0.2,0.0,0.0,0.2,0.0,100_PH_3007_3,1,WW
279,9,0.0,0.0,0.2,0.0,0.0,0.0,0.0,0.0,0.2,0.4,0.0,0.0,0.0,0.0,0.0,0.0,0.2,101_PH_3526_1,1,WB
280,9,0.0,0.0,0.2,0.0,0.0,0.0,0.0,0.0,0.2,0.4,0.0,0.0,0.0,0.0,0.0,0.0,0.2,102_PH_3526_2,1,WB
281,2,0.0,0.0,0.4,0.0,0.0,0.0,0.0,0.0,0.2,0.2,0.0,0.0,0.0,0.0,0.0,0.2,0.0,103_PH_3526_3,-1,other
282,2,0.0,0.0,0.4,0.0,0.0,0.3,0.0,0.0,0.2,0.0,0.0,0.0,0.0,0.0,0.0,0.0,0.1,104_PH_1716_1,-1,other
283,2,0.0,0.0,0.4,0.0,0.0,0.3,0.0,0.0,0.2,0.0,0.0,0.0,0.0,0.0,0.0,0.0,0.1,105_PH_1716_2,-1,other
284,2,0.0,0.0,0.4,0.0,0.0,0.0,0.0,0.0,0.2,0.2,0.0,0.0,0.0,0.0,0.0,0.2,0.0,106_PH_1716_3,1,WW
285,9,0.0,0.0,0.2,0.0,0.0,0.0,0.0,0.0,0.2,0.4,0.0,0.0,0.0,0.0,0.0,0.0,0.2,06_WQ_F101_1,-1,other
286,9,0.0,0.0,0.2,0.0,0.0,0.0,0.0,0.0,0.2,0.4,0.0,0.0,0.0,0.0,0.0,0.0,0.2,07_WQ_F101_2,-1,other
287,9,0.0,0.0,0.2,0.0,0.0,0.0,0.0,0.0,0.2,0.4,0.0,0.0,0.0,0.0,0.0,0.0,0.2,08_WQ_F101_3,1,WB
288,9,0.0,0.0,0.0,0.0,0.0,0.0,0.0,0.0,0.2,0.4,0.0,0.0,0.2,0.0,0.0,0.0,0.2,09_WQ_F204_1,-1,other
289,9,0.0,0.0,0.0,0.0,0.0,0.0,0.0,0.0,0.2,0.4,0.0,0.0,0.2,0.0,0.0,0.0,0.2,10_WQ_F204_2,-1,other
290,9,0.0,0.0,0.0,0.0,0.0,0.0,0.0,0.0,0.2,0.4,0.0,0.0,0.2,0.0,0.0,0.0,0.2,11_WQ_F204_3,-1,other
291,8,0.0,0.0,0.2,0.0,0.0,0.3,0.0,0.0,0.4,0.0,0.0,0.0,0.0,0.0,0.0,0.0,0.1,12_WQ_F72_1,1,FG
292,9,0.0,0.0,0.2,0.0,0.0,0.0,0.0,0.0,0.2,0.4,0.0,0.0,0.0,0.0,0.0,0.0,0.2,13_WQ_F72_2,1,WB
293,2,0.0,0.0,0.2,0.0,0.0,0.0,0.0,0.0,0.2,0.2,0.0,0.0,0.1,0.1,0.0,0.0,0.2,14_WQ_F72_3,1,WW
294,2,0.0,0.0,0.4,0.0,0.0,0.0,0.0,0.0,0.2,0.2,0.0,0.0,0.0,0.0,0.0,0.2,0.0,15_WQ_F110_1,-1,other
295,2,0.0,0.0,0.4,0.0,0.0,0.0,0.0,0.0,0.2,0.0,0.0,0.0,0.1,0.1,0.0,0.2,0.0,16_WQ_F110_2,-1,other
296,2,0.0,0.0,0.4,0.0,0.0,0.0,0.0,0.0,0.2,0.2,0.0,0.0,0.0,0.0,0.0,0.2,0.0,17_WQ_F110_3,1,WW
297,9,0.0,0.0,0.2,0.0,0.0,0.0,0.0,0.0,0.2,0.4,0.0,0.0,0.0,0.0,0.0,0.0,0.2,06_LY_1_1,-1,other
298,9,0.0,0.0,0.0,0.0,0.0,0.0,0.0,0.0,0.2,0.4,0.0,0.0,0.2,0.0,0.0,0.0,0.2,07_LY_1_2,-1,other
299,9,0.0,0.0,0.2,0.0,0.0,0.0,0.0,0.0,0.2,0.4,0.0,0.0,0.0,0.0,0.0,0.0,0.2,08_LY_1_3,-1,other
300,9,0.0,0.0,0.2,0.0,0.0,0.0,0.0,0.0,0.2,0.4,0.0,0.0,0.0,0.0,0.0,0.0,0.2,09_LY_2_1,-1,other
301,9,0.0,0.0,0.2,0.0,0.0,0.0,0.0,0.0,0.2,0.4,0.0,0.0,0.0,0.0,0.0,0.0,0.2,10_LY_2_2,-1,other
302,9,0.0,0.0,0.0,0.0,0.0,0.0,0.0,0.0,0.2,0.4,0.0,0.0,0.2,0.0,0.0,0.0,0.2,11_LY_2_3,-1,other
303,12,0.0,0.0,0.0,0.0,0.0,0.0,0.0,0.0,0.2,0.2,0.0,0.0,0.3,0.1,0.0,0.0,0.2,12_LY_3_1,-1,other
304,2,0.0,0.0,0.2,0.0,0.0,0.0,0.0,0.0,0.2,0.2,0.0,0.0,0.1,0.1,0.0,0.0,0.2,13_LY_3_2,-1,other
305,12,0.0,0.0,0.0,0.0,0.0,0.0,0.0,0.2,0.2,0.0,0.0,0.0,0.3,0.1,0.0,0.0,0.2,14_LY_3_3,-1,other
306,2,0.0,0.0,0.4,0.0,0.0,0.0,0.0,0.0,0.2,0.2,0.0,0.0,0.0,0.0,0.0,0.2,0.0,15_LY_4_1,-1,other
307,2,0.0,0.0,0.4,0.0,0.0,0.3,0.0,0.0,0.2,0.0,0.0,0.0,0.0,0.0,0.0,0.0,0.1,16_LY_4_2,1,WW
308,8,0.0,0.0,0.2,0.0,0.0,0.1,0.0,0.0,0.6,0.0,0.0,0.0,0.0,0.0,0.0,0.0,0.1,17_LY_4_3,1,FG
309,2,0.0,0.0,0.2,0.0,0.0,0.0,0.0,0.0,0.2,0.2,0.0,0.0,0.2,0.0,0.0,0.2,0.0,18_LY_5_1,-1,other
310,2,0.0,0.0,0.2,0.0,0.0,0.0,0.0,0.0,0.2,0.2,0.0,0.0,0.2,0.0,0.0,0.2,0.0,19_LY_5_2,-1,other
311,2,0.0,0.0,0.2,0.0,0.0,0.0,0.0,0.0,0.2,0.2,0.0,0.0,0.2,0.0,0.0,0.2,0.0,20_LY_5_3,1,WW
312,12,0.0,0.0,0.2,0.0,0.0,0.0,0.0,0.0,0.2,0.0,0.0,0.0,0.3,0.3,0.0,0.0,0.0,26_LY_6_1,1,SQ
313,12,0.0,0.0,0.2,0.0,0.0,0.0,0.0,0.0,0.2,0.0,0.0,0.0,0.3,0.3,0.0,0.0,0.0,27_LY_6_2,-1,other
314,12,0.0,0.0,0.2,0.0,0.0,0.0,0.0,0.0,0.2,0.0,0.0,0.0,0.3,0.3,0.0,0.0,0.0,28_LY_6_3,-1,other
315,9,0.0,0.0,0.2,0.0,0.0,0.0,0.0,0.0,0.2,0.4,0.0,0.0,0.0,0.0,0.0,0.0,0.2,29_LY_7_1,-1,other
316,2,0.0,0.0,0.2,0.0,0.0,0.0,0.0,0.0,0.2,0.2,0.0,0.0,0.0,0.0,0.2,0.0,0.2,30_LY_7_2,-1,other
317,9,0.0,0.0,0.2,0.0,0.0,0.0,0.0,0.0,0.2,0.4,0.0,0.0,0.0,0.0,0.0,0.0,0.2,31_LY_7_3,-1,other
318,2,0.0,0.0,0.2,0.0,0.0,0.0,0.0,0.0,0.2,0.2,0.0,0.0,0.2,0.0,0.0,0.2,0.0,32_LY_8_1,1,WW
319,8,0.0,0.0,0.0,0.0,0.0,0.0,0.0,0.0,0.4,0.2,0.0,0.0,0.2,0.0,0.0,0.2,0.0,33_LY_8_2,-1,other
320,8,0.0,0.0,0.0,0.0,0.0,0.0,0.0,0.0,0.4,0.2,0.0,0.0,0.2,0.0,0.0,0.2,0.0,34_LY_8_3,1,FG
321,2,0.0,0.0,0.2,0.0,0.0,0.0,0.0,0.0,0.2,0.2,0.0,0.0,0.2,0.0,0.0,0.2,0.0,35_LY_9_1,-1,other
322,2,0.0,0.0,0.2,0.0,0.0,0.0,0.0,0.0,0.2,0.2,0.0,0.0,0.2,0.0,0.0,0.2,0.0,36_LY_9_2,-1,other
323,2,0.0,0.0,0.2,0.0,0.0,0.0,0.0,0.0,0.2,0.2,0.0,0.0,0.2,0.0,0.0,0.2,0.0,37_LY_9_3,1,WW
324,9,0.0,0.0,0.2,0.0,0.0,0.0,0.0,0.0,0.2,0.4,0.0,0.0,0.0,0.0,0.0,0.0,0.2,38_LY_10_1,1,WB
325,8,0.0,0.0,0.2,0.0,0.0,0.0,0.0,0.0,0.4,0.2,0.0,0.0,0.0,0.0,0.0,0.2,0.0,39_LY_10_2,1,FG
326,8,0.0,0.0,0.2,0.0,0.0,0.0,0.0,0.0,0.4,0.0,0.0,0.0,0.1,0.3,0.0,0.0,0.0,40_LY_10_3,1,FG
327,9,0.0,0.0,0.0,0.0,0.0,0.0,0.0,0.0,0.2,0.4,0.0,0.0,0.2,0.0,0.0,0.0,0.2,05_SYE13_1,-1,other
328,12,0.0,0.0,0.2,0.0,0.0,0.0,0.0,0.0,0.2,0.0,0.0,0.0,0.3,0.3,0.0,0.0,0.0,06_SYE13_2,1,SQ
329,2,0.0,0.0,0.4,0.2,0.0,0.0,0.0,0.0,0.2,0.0,0.0,0.0,0.2,0.0,0.0,0.0,0.0,07_SYE13_3,1,WW
330,2,0.0,0.0,0.4,0.2,0.0,0.0,0.0,0.0,0.2,0.0,0.0,0.0,0.2,0.0,0.0,0.0,0.0,08_SYE238_1,1,WW
331,2,0.0,0.0,0.2,0.0,0.0,0.0,0.0,0.0,0.2,0.2,0.0,0.0,0.2,0.0,0.0,0.2,0.0,09_SYE238_2,1,WW
332,2,0.0,0.0,0.2,0.0,0.0,0.1,0.0,0.0,0.2,0.0,0.0,0.0,0.2,0.2,0.0,0.0,0.1,10_SYE238_3,-1,other
333,2,0.0,0.0,0.2,0.0,0.0,0.0,0.0,0.0,0.2,0.2,0.0,0.0,0.2,0.0,0.0,0.2,0.0,11_SYE294_1,1,WW
334,12,0.0,0.0,0.2,0.0,0.0,0.0,0.0,0.0,0.2,0.0,0.0,0.0,0.3,0.3,0.0,0.0,0.0,12_SYE294_2,1,SQ
335,2,0.0,0.0,0.2,0.0,0.0,0.0,0.0,0.0,0.2,0.2,0.0,0.0,0.2,0.0,0.0,0.2,0.0,13_SYE294_3,-1,other
336,2,0.0,0.0,0.2,0.0,0.0,0.0,0.0,0.0,0.2,0.2,0.0,0.0,0.2,0.0,0.0,0.2,0.0,14_MDG1_1,1,WW
337,2,0.0,0.0,0.2,0.0,0.0,0.0,0.0,0.0,0.2,0.2,0.0,0.0,0.2,0.0,0.0,0.2,0.0,15_MDG1_2,1,WW
338,2,0.0,0.0,0.2,0.0,0.0,0.0,0.0,0.0,0.2,0.2,0.0,0.0,0.2,0.0,0.0,0.2,0.0,16_MDG1_3,1,WW
339,9,0.0,0.0,0.0,0.0,0.0,0.0,0.0,0.0,0.2,0.4,0.0,0.0,0.2,0.0,0.0,0.0,0.2,21_MDG8_1,1,WB
340,2,0.0,0.0,0.2,0.0,0.0,0.0,0.0,0.0,0.2,0.2,0.0,0.0,0.2,0.0,0.0,0.2,0.0,22_MDG8_2,1,WW
341,9,0.0,0.0,0.0,0.0,0.0,0.0,0.0,0.0,0.2,0.4,0.0,0.0,0.2,0.0,0.0,0.0,0.2,23_MDG8_3,1,WB
342,12,0.0,0.0,0.2,0.0,0.0,0.0,0.0,0.0,0.2,0.0,0.0,0.0,0.3,0.3,0.0,0.0,0.0,24_MDG32_1,-1,other
343,2,0.0,0.0,0.2,0.0,0.0,0.0,0.0,0.0,0.2,0.2,0.0,0.0,0.2,0.0,0.0,0.2,0.0,25_MDG32_2,1,WW
344,2,0.0,0.0,0.2,0.0,0.0,0.1,0.0,0.0,0.2,0.0,0.0,0.0,0.2,0.2,0.0,0.0,0.1,26_MDG32_3,1,WW
345,9,0.0,0.0,0.0,0.0,0.0,0.0,0.0,0.0,0.2,0.4,0.0,0.0,0.2,0.0,0.0,0.0,0.2,27_MDG60_1,1,WB
346,12,0.0,0.0,0.0,0.0,0.0,0.0,0.0,0.0,0.2,0.2,0.0,0.0,0.3,0.1,0.0,0.0,0.2,28_MDG60_2,1,SQ
347,9,0.0,0.0,0.0,0.0,0.0,0.0,0.0,0.0,0.2,0.4,0.0,0.0,0.2,0.0,0.0,0.0,0.2,29_MDG60_3,1,WB
348,2,0.0,0.0,0.2,0.0,0.0,0.0,0.0,0.0,0.2,0.2,0.0,0.0,0.2,0.0,0.0,0.2,0.0,30_MDG110_1,-1,other
349,2,0.0,0.0,0.2,0.0,0.0,0.0,0.0,0.0,0.2,0.2,0.0,0.0,0.2,0.0,0.0,0.2,0.0,31_MDG110_2,1,WW
350,2,0.0,0.0,0.2,0.0,0.0,0.0,0.0,0.0,0.2,0.2,0.0,0.0,0.2,0.0,0.0,0.2,0.0,32_MDG110_3,1,WW
351,2,0.0,0.0,0.2,0.0,0.0,0.0,0.0,0.0,0.2,0.2,0.0,0.0,0.2,0.0,0.0,0.2,0.0,37_MDG132A_1,1,WW
352,2,0.0,0.0,0.4,0.2,0.0,0.0,0.0,0.0,0.2,0.0,0.0,0.0,0.2,0.0,0.0,0.0,0.0,38_MDG132A_2,1,WW
353,12,0.0,0.0,0.2,0.0,0.0,0.0,0.0,0.0,0.2,0.0,0.0,0.0,0.3,0.3,0.0,0.0,0.0,39_MDG132A_3,1,SQ
354,9,0.0,0.0,0.0,0.0,0.0,0.0,0.0,0.0,0.2,0.4,0.0,0.0,0.2,0.0,0.0,0.0,0.2,40_MDG182_1,-1,other
355,9,0.0,0.0,0.0,0.0,0.0,0.0,0.0,0.0,0.2,0.4,0.0,0.0,0.2,0.0,0.0,0.0,0.2,41_MDG182_2,-1,other
356,9,0.0,0.0,0.0,0.0,0.0,0.0,0.0,0.0,0.2,0.4,0.0,0.0,0.2,0.0,0.0,0.0,0.2,42_MDG182_3,-1,other
357,9,0.0,0.0,0.0,0.0,0.0,0.0,0.0,0.0,0.2,0.4,0.0,0.0,0.2,0.0,0.0,0.0,0.2,43_MDG367_1,-1,other
358,2,0.0,0.0,0.4,0.2,0.0,0.0,0.0,0.0,0.2,0.0,0.0,0.0,0.2,0.0,0.0,0.0,0.0,44_MDG367_2,1,WW
359,2,0.0,0.0,0.4,0.0,0.0,0.0,0.0,0.0,0.0,0.0,0.0,0.0,0.3,0.3,0.0,0.0,0.0,45_MDG367_3,-1,other
360,12,0.0,0.0,0.2,0.0,0.0,0.0,0.0,0.0,0.2,0.0,0.0,0.0,0.3,0.3,0.0,0.0,0.0,46_MDG370_1,-1,other
361,12,0.0,0.0,0.0,0.0,0.0,0.0,0.0,0.0,0.2,0.2,0.0,0.0,0.3,0.1,0.0,0.0,0.2,47_MDG370_2,-1,other
362,8,0.0,0.0,0.0,0.0,0.0,0.0,0.0,0.0,0.4,0.0,0.0,0.0,0.3,0.3,0.0,0.0,0.0,48_MDG370_3,1,FG
